date,open,high,low,close,volume,Name
2/8/2013,40.09,40.61,40.07,40.52,1146224,TEL
2/11/2013,40.49,40.56,40.27,40.44,1056745,TEL
2/12/2013,40.44,40.69,40.37,40.49,876110,TEL
2/13/2013,40.58,40.99,40.54,40.92,1426745,TEL
2/14/2013,40.62,41.09,40.46,41.08,2091112,TEL
2/15/2013,41.08,41.29,40.75,41.03,1533139,TEL
2/19/2013,41,41.45,40.94,41.3,1284082,TEL
2/20/2013,41.21,41.395,40.94,40.96,1529626,TEL
2/21/2013,40.76,40.78,40.29,40.48,2257420,TEL
2/22/2013,40.68,41.25,40.36,41.01,2214739,TEL
2/25/2013,41.15,41.17,39.69,39.69,2207382,TEL
2/26/2013,40,40.08,39.34,39.8,2438297,TEL
2/27/2013,39.62,40.21,39.4501,40,1689118,TEL
2/28/2013,39.98,40.32,39.8,40.13,1769936,TEL
3/1/2013,39.96,40.44,39.56,40.23,1333410,TEL
3/4/2013,40.14,40.51,39.98,40.45,1359369,TEL
3/5/2013,40.67,41.09,40.67,40.83,1372337,TEL
3/6/2013,40.99,41.54,40.86,41.44,1377934,TEL
3/7/2013,41.57,41.71,41.41,41.49,1361761,TEL
3/8/2013,41.67,42.25,41.51,42.22,1510963,TEL
3/11/2013,42.08,42.195,41.88,42.05,1404806,TEL
3/12/2013,42.05,42.225,41.67,42.09,1688812,TEL
3/13/2013,42.14,42.21,41.85,41.92,1462976,TEL
3/14/2013,42.01,42.6,42.01,42.54,1480823,TEL
3/15/2013,42.28,42.42,41.56,41.83,2457215,TEL
3/18/2013,41.35,41.99,41.25,41.63,1079742,TEL
3/19/2013,41.77,41.84,41.26,41.65,1332816,TEL
3/20/2013,42,42.16,41.72,42.11,1258441,TEL
3/21/2013,41.7,41.96,41.37,41.56,1545592,TEL
3/22/2013,41.76,41.87,41.54,41.82,1179104,TEL
3/25/2013,41.96,42.27,41.275,41.54,1429747,TEL
3/26/2013,41.69,41.87,41.6,41.68,1262801,TEL
3/27/2013,41.47,41.78,41.31,41.61,1871125,TEL
3/28/2013,41.69,41.99,41.57,41.93,1747620,TEL
4/1/2013,41.94,41.99,41.4,41.6,1096914,TEL
4/2/2013,41.81,41.95,41.26,41.46,1391849,TEL
4/3/2013,41.6,41.99,41.22,41.33,1619090,TEL
4/4/2013,41.54,41.89,41.17,41.41,1465917,TEL
4/5/2013,40.86,41.24,40.58,41.14,1699371,TEL
4/8/2013,41.09,41.29,41.07,41.27,1299819,TEL
4/9/2013,41.35,41.53,41.19,41.41,974680,TEL
4/10/2013,41.15,41.94,40.89,41.76,2126972,TEL
4/11/2013,41.68,42.21,41.58,42.02,1752649,TEL
4/12/2013,41.91,41.99,41.42,41.61,1751353,TEL
4/15/2013,41.48,41.5,40.34,40.34,1684055,TEL
4/16/2013,40.64,41.4,40.52,41.37,1423556,TEL
4/17/2013,40.9,40.99,39.45,39.73,2452118,TEL
4/18/2013,39.79,39.89,38.79,39.11,2430952,TEL
4/19/2013,39.23,39.44,38.75,39.38,1419776,TEL
4/22/2013,39.41,39.73,39.09,39.55,1648340,TEL
4/23/2013,39.68,40.5,39.68,40.5,1655553,TEL
4/24/2013,40.75,42.26,40.75,42.16,2289920,TEL
4/25/2013,42.32,43.2,42.2801,42.91,2047314,TEL
4/26/2013,42.95,42.95,42.26,42.43,1794624,TEL
4/29/2013,42.41,42.93,42.41,42.91,1258959,TEL
4/30/2013,42.83,43.62,42.49,43.55,2312783,TEL
5/1/2013,43.27,43.5,42.68,42.72,1624717,TEL
5/2/2013,43.05,43.6,42.82,43.49,1445035,TEL
5/3/2013,43.79,44.75,43.67,44.44,1966747,TEL
5/6/2013,44.08,44.96,44.08,44.88,1174709,TEL
5/7/2013,44.9,45.23,44.68,44.73,1664931,TEL
5/8/2013,44.67,45.08,44.44,44.9,2304891,TEL
5/9/2013,44.91,44.9775,44.34,44.5,2052006,TEL
5/10/2013,44.52,44.74,44.38,44.49,1547634,TEL
5/13/2013,44.46,44.5,44.31,44.35,1404940,TEL
5/14/2013,44.3,44.94,44.24,44.93,1417684,TEL
5/15/2013,44.73,45.4,44.6,45.27,1164904,TEL
5/16/2013,45.23,45.705,45.18,45.32,1208067,TEL
5/17/2013,45.34,46.02,45.33,45.99,1774762,TEL
5/20/2013,45.72,46.44,45.68,46.09,1661618,TEL
5/21/2013,46.17,46.21,45.77,45.96,1331847,TEL
5/22/2013,46.13,46.46,45.24,45.5,1855074,TEL
5/23/2013,45.19,45.84,45.08,45.56,1469987,TEL
5/24/2013,45.26,45.43,44.8,45.28,865880,TEL
5/28/2013,45.54,45.855,45.35,45.37,1653660,TEL
5/29/2013,44.84,45.11,44.6,44.61,1974061,TEL
5/30/2013,44.73,45.61,44.71,45.15,1580301,TEL
5/31/2013,45.02,45.52,44.39,44.39,2200960,TEL
6/3/2013,44.55,45.155,44.33,44.99,1709571,TEL
6/4/2013,44.98,45.35,44.57,44.83,1495635,TEL
6/5/2013,44.63,44.74,44.126,44.45,1732433,TEL
6/6/2013,44.49,44.67,43.88,44.45,1475083,TEL
6/7/2013,44.62,45.69,44.62,45.53,1673407,TEL
6/10/2013,45.65,45.74,45.12,45.2,1198065,TEL
6/11/2013,44.67,45.15,44.42,44.89,1521313,TEL
6/12/2013,45.23,45.36,44.62,44.7,1523838,TEL
6/13/2013,44.67,45.74,44.49,45.62,867175,TEL
6/14/2013,45.68,45.88,45.29,45.42,1021047,TEL
6/17/2013,45.69,46.355,45.6,46.17,1308628,TEL
6/18/2013,46.11,46.89,46.08,46.87,1118154,TEL
6/19/2013,46.86,46.86,45.815,45.97,1638608,TEL
6/20/2013,45.5,45.6,44.67,44.77,1885216,TEL
6/21/2013,45.14,45.66,44.76,45.61,3003456,TEL
6/24/2013,45.15,45.18,44.02,44.09,2233216,TEL
6/25/2013,45.08,45.36,44.58,45.23,1278228,TEL
6/26/2013,45.71,45.75,45.33,45.42,1533714,TEL
6/27/2013,45.73,46.1,45.72,45.74,1355365,TEL
6/28/2013,45.61,45.9,45.19,45.54,1467998,TEL
7/1/2013,45.8,46.62,45.8,46.41,1451704,TEL
7/2/2013,46.22,46.526,45.93,46.2,1377958,TEL
7/3/2013,45.96,46.37,45.77,46.27,985522,TEL
7/5/2013,46.69,46.82,46.36,46.7,1498380,TEL
7/8/2013,46.95,47.13,46.49,46.56,1776011,TEL
7/9/2013,46.9,47.14,46.445,46.57,1898249,TEL
7/10/2013,46.5,46.85,46.48,46.7,2205469,TEL
7/11/2013,47.5,47.5,46.78,47.09,1485522,TEL
7/12/2013,47.05,47.57,46.96,47.46,1115095,TEL
7/15/2013,47.45,47.705,47.28,47.28,1253365,TEL
7/16/2013,47.39,47.43,46.97,47.19,2089850,TEL
7/17/2013,47.52,48.11,47.37,47.81,1512838,TEL
7/18/2013,47.74,47.99,47.38,47.8,1236972,TEL
7/19/2013,47.76,47.82,47.58,47.77,2003370,TEL
7/22/2013,47.86,48.12,47.82,48.1,1054640,TEL
7/23/2013,48.17,48.17,47.83,47.95,1876874,TEL
7/24/2013,48.29,50.9,48.29,50.76,5074276,TEL
7/25/2013,50.76,51.36,50.52,50.7,2840497,TEL
7/26/2013,50.54,50.86,50.32,50.52,1726229,TEL
7/29/2013,50.23,50.71,50.23,50.35,1562907,TEL
7/30/2013,50.5,50.71,50.37,50.43,1313465,TEL
7/31/2013,50.58,51.46,50.36,51.04,1878084,TEL
8/1/2013,51.48,51.61,51.19,51.52,1275777,TEL
8/2/2013,51.36,51.635,51.28,51.51,1634053,TEL
8/5/2013,51.45,51.606,51.35,51.5,1306273,TEL
8/6/2013,51.43,51.55,51.19,51.35,1718636,TEL
8/7/2013,51.08,51.18,50.67,50.71,1819430,TEL
8/8/2013,50.95,51.12,50.63,50.63,2144125,TEL
8/9/2013,50.65,50.75,50.43,50.64,1509431,TEL
8/12/2013,50.31,50.73,50.25,50.7,1519625,TEL
8/13/2013,50.7,50.99,50.5,50.75,2273332,TEL
8/14/2013,50.72,50.91,50.45,50.49,1557837,TEL
8/15/2013,49.95,49.95,49.3,49.54,1273995,TEL
8/16/2013,49.45,49.62,49.24,49.4,1443991,TEL
8/19/2013,49.3,49.43,49.15,49.18,933906,TEL
8/20/2013,49.41,49.8,49.14,49.67,977382,TEL
8/21/2013,49.61,50.14,49.405,49.77,1199987,TEL
8/22/2013,50,50.332,49.9,50.02,1229857,TEL
8/23/2013,50.18,50.32,49.92,50.08,1296019,TEL
8/26/2013,50.06,50.14,49.8,49.93,1203519,TEL
8/27/2013,49.39,49.55,48.41,48.69,1927195,TEL
8/28/2013,48.49,48.87,48.29,48.82,1215466,TEL
8/29/2013,48.71,49.78,48.62,49.59,1458895,TEL
8/30/2013,49.57,49.6,48.75,49,1607743,TEL
9/3/2013,49.65,50.16,49.25,49.34,1610952,TEL
9/4/2013,49.41,50.44,49.36,50.18,2428035,TEL
9/5/2013,50.19,50.525,50.09,50.29,1444040,TEL
9/6/2013,50.45,50.5,49.54,50.22,917961,TEL
9/9/2013,50.7,51.27,50.7,50.95,2306070,TEL
9/10/2013,51.35,53.28,51.35,52.99,2826864,TEL
9/11/2013,52.76,53.0399,52.59,52.97,1410460,TEL
9/12/2013,52.98,53.225,52.69,52.84,975605,TEL
9/13/2013,53.56,53.65,52.857,53.44,2134413,TEL
9/16/2013,54.11,54.19,53.3,53.49,1879365,TEL
9/17/2013,53.49,53.81,53.32,53.51,1806165,TEL
9/18/2013,53.5,53.66,53.15,53.54,2591879,TEL
9/19/2013,53.62,53.91,53.34,53.39,1193163,TEL
9/20/2013,53.38,53.66,53.02,53.1,2120459,TEL
9/23/2013,53.03,53.1,52.15,52.4,1417188,TEL
9/24/2013,52.4,52.72,52.085,52.32,1699542,TEL
9/25/2013,52.33,52.54,51.86,52.43,2499023,TEL
9/26/2013,52.49,52.72,51.92,52.16,1196818,TEL
9/27/2013,51.89,52.13,51.72,51.96,1082388,TEL
9/30/2013,51.64,52.085,51.34,51.78,1324321,TEL
10/1/2013,51.78,52.28,51.7,52.07,1266705,TEL
10/2/2013,51.68,52.05,51.45,52.05,1160525,TEL
10/3/2013,51.84,52.02,51.2303,51.57,1181509,TEL
10/4/2013,51.58,52.38,51.43,52.12,855753,TEL
10/7/2013,51.52,51.76,51.36,51.47,813209,TEL
10/8/2013,51.53,51.8,50.73,50.75,1453080,TEL
10/9/2013,50.77,50.89,49.22,49.91,2219519,TEL
10/10/2013,50.39,51.43,50.36,51.33,1479469,TEL
10/11/2013,51.29,52.135,51.13,51.98,1810064,TEL
10/14/2013,51.73,52.56,51.59,52.2,1199878,TEL
10/15/2013,51.9,52.21,51.1,51.21,1940447,TEL
10/16/2013,51.56,51.74,51.27,51.71,1648356,TEL
10/17/2013,51.53,52.51,51.48,52.48,1298186,TEL
10/18/2013,52.87,53.59,52.76,53.57,1592045,TEL
10/21/2013,53.51,54.09,53.33,53.67,1114195,TEL
10/22/2013,53.79,54.15,53.55,53.88,1283323,TEL
10/23/2013,53.72,53.81,53.11,53.47,1798550,TEL
10/24/2013,53.67,53.96,53.44,53.74,1871475,TEL
10/25/2013,53.81,53.95,53.46,53.6,1355933,TEL
10/28/2013,55.8127,55.8127,53.1,53.18,1400221,TEL
10/29/2013,53.21,53.4,52.81,52.99,2110602,TEL
10/30/2013,53.15,53.37,50.97,51.04,4254786,TEL
10/31/2013,51.06,51.89,50.76,51.49,1846700,TEL
11/1/2013,51.55,52.12,50.92,51.21,2102226,TEL
11/4/2013,51.55,52.15,51.41,51.9,2045009,TEL
11/5/2013,51.52,52.08,51.26,51.76,2269463,TEL
11/6/2013,51.97,52.47,51.81,52.32,2219809,TEL
11/7/2013,52.59,52.77,51.64,51.73,1792079,TEL
11/8/2013,51.66,52.24,51.45,52.22,1501162,TEL
11/11/2013,52.04,52.34,51.48,51.81,1174571,TEL
11/12/2013,51.7,52.135,51.53,51.91,1387146,TEL
11/13/2013,51.66,52.2,51.39,52.2,1569196,TEL
11/14/2013,52.11,52.56,51.61,51.61,2625176,TEL
11/15/2013,51.66,52.45,51.5,52.39,2717944,TEL
11/18/2013,52.07,52.96,52.01,52.5,2135216,TEL
11/19/2013,52.72,52.96,50.85,50.94,3025095,TEL
11/20/2013,51.36,51.77,51.21,51.37,1589877,TEL
11/21/2013,51.27,53.2,51.27,53.17,2632519,TEL
11/22/2013,53.27,53.444,52.76,52.99,1744400,TEL
11/25/2013,52.89,53.2,52.75,52.96,1129711,TEL
11/26/2013,52.8,53.14,52.56,52.57,1978664,TEL
11/27/2013,52.77,53.1,52.485,52.53,1086286,TEL
11/29/2013,52.6,53.095,52.6,52.72,722791,TEL
12/2/2013,52.64,53.22,52.44,52.88,1581537,TEL
12/3/2013,52.6,53.09,52.59,52.86,2160152,TEL
12/4/2013,52.62,53.18,52.53,53.03,1843611,TEL
12/5/2013,52.92,53.29,52.68,53.05,2490027,TEL
12/6/2013,53.5,53.7025,53.412,53.62,1724476,TEL
12/9/2013,53.74,53.85,53.3,53.45,1183817,TEL
12/10/2013,53.3,53.94,53.19,53.75,1305995,TEL
12/11/2013,53.67,53.77,52.93,53.07,1628740,TEL
12/12/2013,52.95,53.11,52.09,52.17,2296445,TEL
12/13/2013,52.28,52.51,51.86,51.98,1967647,TEL
12/16/2013,52.04,52.5,51.98,52.09,1606676,TEL
12/17/2013,52.1,52.34,51.97,52.1,1814425,TEL
12/18/2013,52.32,53.17,51.65,53.15,3064838,TEL
12/19/2013,53.11,53.23,52.89,53.01,2230799,TEL
12/20/2013,52.97,53.93,52.93,53.74,2192737,TEL
12/23/2013,54,54.3,53.94,54.26,895660,TEL
12/24/2013,54.25,54.5,54.19,54.47,363048,TEL
12/26/2013,54.5,54.76,54.25,54.58,585645,TEL
12/27/2013,54.58,54.87,54.52,54.53,734938,TEL
12/30/2013,54.53,54.66,54.31,54.5,1108164,TEL
12/31/2013,54.64,55.11,54.64,55.11,1103206,TEL
1/2/2014,54.89,54.99,54.36,54.45,1557227,TEL
1/3/2014,54.5,54.7,54.26,54.49,1160139,TEL
1/6/2014,54.7,54.81,54.16,54.46,1670429,TEL
1/7/2014,54.52,55,54.41,54.9,1782086,TEL
1/8/2014,54.78,55.215,54.72,55.14,1485232,TEL
1/9/2014,55.16,55.7,55.16,55.53,1689532,TEL
1/10/2014,55.73,55.95,55.255,55.44,1381847,TEL
1/13/2014,55.44,55.78,55.25,55.55,1808751,TEL
1/14/2014,55.17,55.76,54.907,55.7,1655059,TEL
1/15/2014,55.52,56.06,55.415,55.43,2187630,TEL
1/16/2014,55.46,56.095,55.38,55.55,1381895,TEL
1/17/2014,55.66,56.19,55.56,55.94,1484981,TEL
1/21/2014,56.15,56.4,55.68,56.3,2153299,TEL
1/22/2014,58.05,61.14,57.995,60,5112070,TEL
1/23/2014,60,60.47,58.99,59.18,3782570,TEL
1/24/2014,59.04,59.07,57.28,57.32,2748158,TEL
1/27/2014,56.8,57.99,56.16,57.16,4441122,TEL
1/28/2014,56.53,57.15,56.07,57.02,3470377,TEL
1/29/2014,56.58,57.34,56.36,56.76,1915427,TEL
1/30/2014,57.35,58,57.16,57.73,2229046,TEL
1/31/2014,57.06,57.06,56.42,56.51,1831619,TEL
2/3/2014,56.59,56.64,54.63,55.28,2571360,TEL
2/4/2014,54.98,55.33,54.68,55.1,2058968,TEL
2/5/2014,54.22,55.08,54.17,54.94,1840296,TEL
2/6/2014,55.15,55.875,54.97,55.61,1553328,TEL
2/7/2014,56.11,56.65,55.77,56.61,1784521,TEL
2/10/2014,56.6,56.85,55.98,56.26,1326466,TEL
2/11/2014,56.37,56.9,56.234,56.77,1838351,TEL
2/12/2014,56.9,57.4999,56.9,57.1,1534763,TEL
2/13/2014,56.86,57.38,56.49,57.27,1314764,TEL
2/14/2014,57.21,57.425,56.93,57.24,971442,TEL
2/18/2014,57.32,57.68,57.25,57.48,1700352,TEL
2/19/2014,57.38,58.16,57.24,57.43,1873878,TEL
2/20/2014,57.5,58.01,57.15,57.48,2150406,TEL
2/21/2014,57.53,57.76,57.16,57.47,2472709,TEL
2/24/2014,57.66,58.28,57.66,57.97,2607235,TEL
2/25/2014,57.97,57.97,57.43,57.72,1355251,TEL
2/26/2014,57.5,58.24,57.34,57.68,1908515,TEL
2/27/2014,57.55,58.32,57.38,58.23,1620093,TEL
2/28/2014,58.33,59.05,58.1,58.58,2209998,TEL
3/3/2014,57.99,58.39,57.55,58.22,1360624,TEL
3/4/2014,58.91,60.03,58.9,60,2180763,TEL
3/5/2014,59.91,59.96,58.91,58.95,1850938,TEL
3/6/2014,59.07,59.21,58.58,58.8,991338,TEL
3/7/2014,59.05,59.44,58.91,59.11,1211998,TEL
3/10/2014,58.94,59.17,58.44,58.91,794945,TEL
3/11/2014,58.97,59.17,57.75,57.89,1041276,TEL
3/12/2014,57.61,57.86,57.04,57.8,1223572,TEL
3/13/2014,58.09,58.37,57.18,57.32,1545156,TEL
3/14/2014,57.32,57.7,56.92,57,2054632,TEL
3/17/2014,57.3,58.25,57.3,58.04,804443,TEL
3/18/2014,57.96,58.77,57.96,58.66,890313,TEL
3/19/2014,58.58,58.8,57.67,57.92,960403,TEL
3/20/2014,57.87,59.25,57.79,59.24,1519513,TEL
3/21/2014,59.71,60.73,59.49,60.16,4447069,TEL
3/24/2014,60.03,60.43,59.17,59.67,2107505,TEL
3/25/2014,59.81,60.34,59.51,60.1,1749156,TEL
3/26/2014,60.16,60.4,59.01,59.08,1547117,TEL
3/27/2014,58.89,59.49,58.61,59.06,1150747,TEL
3/28/2014,59.23,59.96,58.99,59.51,1302330,TEL
3/31/2014,59.91,60.61,59.8219,60.21,2046619,TEL
4/1/2014,60.56,60.74,59.95,60.26,2450655,TEL
4/2/2014,60.48,61.9,60.36,61.69,2940554,TEL
4/3/2014,61.9,62,61.11,61.45,2234935,TEL
4/4/2014,61.79,62.16,59.795,59.98,2435818,TEL
4/7/2014,59.65,59.74,58.755,59.03,1681119,TEL
4/8/2014,59.02,59.27,58.4,59.1,1729607,TEL
4/9/2014,59.19,60.25,58.92,60.23,1621063,TEL
4/10/2014,60.32,60.54,58.59,58.73,1325433,TEL
4/11/2014,59.42,59.84,58.82,58.85,1759852,TEL
4/14/2014,59.29,59.65,58.525,59.29,1365662,TEL
4/15/2014,59.42,59.93,58.81,59.75,1603708,TEL
4/16/2014,60.1,60.88,59.84,60.81,1275283,TEL
4/17/2014,60.39,61.3,60.39,61.07,966440,TEL
4/21/2014,61.11,61.43,60.46,61.36,1499101,TEL
4/22/2014,61.37,61.91,61.1,61.34,1774433,TEL
4/23/2014,61.01,61.78,60.24,60.36,2039426,TEL
4/24/2014,60.84,60.93,59.71,60.76,2346457,TEL
4/25/2014,60.63,60.64,59.23,59.24,1730234,TEL
4/28/2014,59.5,59.6892,57.795,58.34,2079001,TEL
4/29/2014,58.71,58.81,57.93,58.55,1951791,TEL
4/30/2014,58.5,59.17,58.18,58.98,2166197,TEL
5/1/2014,59.08,59.63,58.9201,59.25,2320784,TEL
5/2/2014,59.14,59.41,58.665,59.3,1427120,TEL
5/5/2014,59,59.36,58.42,59.29,954402,TEL
5/6/2014,59.13,59.13,58.15,58.18,901520,TEL
5/7/2014,58.24,58.5,57.5,58.45,1149112,TEL
5/8/2014,58.5,59.4,58.05,58.2,1060695,TEL
5/9/2014,58.2,58.3,57.63,58.1,890777,TEL
5/12/2014,58.52,59.17,58.52,58.78,1171938,TEL
5/13/2014,58.87,59.1,58.06,58.1,1414548,TEL
5/14/2014,58.11,58.22,57.77,57.86,1083529,TEL
5/15/2014,57.81,57.89,56.28,56.66,2055877,TEL
5/16/2014,56.77,57.17,56.37,57.15,2209578,TEL
5/19/2014,57,57.66,56.87,57.59,1039312,TEL
5/20/2014,57.59,57.63,56.68,56.89,777062,TEL
5/21/2014,57.12,57.28,56.82,57.22,867278,TEL
5/22/2014,57.21,57.69,57.09,57.31,1080365,TEL
5/23/2014,57.54,58.19,57.21,58.13,983348,TEL
5/27/2014,58.31,58.6,58.13,58.29,871310,TEL
5/28/2014,58.11,58.65,58,58.45,1010701,TEL
5/29/2014,58.63,59.38,58.46,59.33,1311589,TEL
5/30/2014,59.15,59.85,59.04,59.46,1660280,TEL
6/2/2014,59.52,59.807,59,59.69,1051790,TEL
6/3/2014,59.65,60.72,59.635,60.69,2056564,TEL
6/4/2014,60.52,60.855,59.98,60.8,1682198,TEL
6/5/2014,60.77,61.33,60.45,61.24,973920,TEL
6/6/2014,61.22,61.74,61.2084,61.7,1326932,TEL
6/9/2014,61.72,62.285,61.64,62.14,1224785,TEL
6/10/2014,62.07,62.27,61.64,62.12,1209182,TEL
6/11/2014,61.97,62.18,61.7,62.02,1410870,TEL
6/12/2014,62.11,62.23,61.5,61.75,1082223,TEL
6/13/2014,61.88,61.975,61.28,61.46,904212,TEL
6/16/2014,61.41,61.88,61.145,61.52,1375788,TEL
6/17/2014,61.49,62.18,61.28,61.78,1458604,TEL
6/18/2014,61.73,62.01,61.21,61.94,854959,TEL
6/19/2014,61.93,62.63,61.71,62.23,2831886,TEL
6/20/2014,62.3,62.51,61.9675,62.24,3376366,TEL
6/23/2014,61.71,62.46,61.56,61.89,1422514,TEL
6/24/2014,61.73,62.03,60.93,60.94,1183379,TEL
6/25/2014,60.98,61.372,60.57,61.04,1698242,TEL
6/26/2014,61.28,61.42,60.63,61.18,900051,TEL
6/27/2014,61.05,61.99,61.03,61.94,1116115,TEL
6/30/2014,61.86,62,61.42,61.84,1538058,TEL
7/1/2014,62.15,63.48,62.04,63.36,1652208,TEL
7/2/2014,63.25,63.84,63.13,63.21,1451187,TEL
7/3/2014,63.34,63.69,63.11,63.66,539938,TEL
7/7/2014,63.63,63.78,63.11,63.72,1195636,TEL
7/8/2014,63.6,63.68,62.95,63.6,1424927,TEL
7/9/2014,63.62,64.03,63.23,64.01,1417778,TEL
7/10/2014,62.7,63.72,62.62,63.33,2322728,TEL
7/11/2014,63.54,63.54,63.09,63.21,1343468,TEL
7/14/2014,63.45,63.67,63.11,63.2,2026944,TEL
7/15/2014,63.22,63.315,62.68,63.08,1932432,TEL
7/16/2014,63.38,63.56,62.89,62.96,1723754,TEL
7/17/2014,62.81,63.4,62.5468,63.06,1901249,TEL
7/18/2014,63.28,64.31,63.21,64.26,1717705,TEL
7/21/2014,63.87,64.36,63.64,64.3,1860826,TEL
7/22/2014,64.47,65.01,64.4,64.97,2381169,TEL
7/23/2014,63,64.7,60.7,62.32,5223681,TEL
7/24/2014,62.6,63.38,62.31,63.31,3030824,TEL
7/25/2014,63.04,63.54,62.78,63.05,2019577,TEL
7/28/2014,63.03,63.42,62.7,63.14,1912374,TEL
7/29/2014,63.14,63.6,62.63,62.73,2369549,TEL
7/30/2014,63.02,63.6,62.61,63.37,2664660,TEL
7/31/2014,63,63.05,61.87,61.89,2379812,TEL
8/1/2014,61.8,61.93,61.56,61.65,1785823,TEL
8/4/2014,61.8,61.93,61.56,61.65,1785823,TEL
8/5/2014,61.35,62,61.09,61.32,1683706,TEL
8/6/2014,61.18,61.5,61,61.37,2685918,TEL
8/7/2014,61.84,61.84,60.79,60.9,1675886,TEL
8/8/2014,60.98,61.31,60.63,61.29,1342394,TEL
8/11/2014,61.52,62.04,61.44,61.51,734448,TEL
8/12/2014,61.25,61.73,60.71,61.15,1443466,TEL
8/13/2014,61.55,62.14,61.23,62.11,907278,TEL
8/14/2014,62.26,62.46,61.8784,62.14,713060,TEL
8/15/2014,62.46,62.585,61.63,62.15,787202,TEL
8/18/2014,62.75,63,62.63,62.88,868570,TEL
8/19/2014,62.89,63.24,62.48,62.8,1129055,TEL
8/20/2014,62.65,62.83,62.1,62.34,1781002,TEL
8/21/2014,62.5,62.72,62.38,62.46,1803130,TEL
8/22/2014,62.25,62.52,61.98,62.12,1969208,TEL
8/25/2014,62.36,63.02,62.34,62.9,1020089,TEL
8/26/2014,63.2,63.2,62.82,62.97,850635,TEL
8/27/2014,62.84,63,61.98,62.07,1405948,TEL
8/28/2014,61.88,62.14,61.5475,62.01,1488008,TEL
8/29/2014,62.18,62.78,62.12,62.68,1446604,TEL
9/2/2014,62.81,62.98,62.45,62.75,1073428,TEL
9/3/2014,62.89,63.14,62.51,63.1,1238114,TEL
9/4/2014,63.52,64.04,63.02,63.07,1258586,TEL
9/5/2014,62.99,63.19,62.48,62.62,1477073,TEL
9/8/2014,62.53,63.06,62.41,62.73,868624,TEL
9/9/2014,62.51,62.77,61.93,62.01,1044668,TEL
9/10/2014,61.98,62.66,61.98,62.45,819246,TEL
9/11/2014,62.35,63.685,62.13,63.58,1526054,TEL
9/12/2014,63.48,63.5,62.575,63,2090781,TEL
9/15/2014,63.12,63.16,62.42,62.61,2019538,TEL
9/16/2014,62.32,62.45,61.86,62.28,1591068,TEL
9/17/2014,62.28,62.74,61.68,61.86,1708447,TEL
9/18/2014,62.24,62.39,61.8,61.9,2608038,TEL
9/19/2014,61.99,62.21,60.89,60.92,2477597,TEL
9/22/2014,60.98,61.1899,60.23,60.44,1495298,TEL
9/23/2014,60.39,60.56,59.305,59.32,2411052,TEL
9/24/2014,59.17,59.71,59.0401,59.65,2693076,TEL
9/25/2014,59.46,59.65,58.47,58.47,3131095,TEL
9/26/2014,58.57,58.94,58.38,58.8,1600856,TEL
9/29/2014,58.3,58.51,57.835,57.87,2362615,TEL
9/30/2014,57.75,57.95,54.55,55.29,6531153,TEL
10/1/2014,55.29,55.44,54.26,54.54,3623639,TEL
10/2/2014,54.41,54.94,54.03,54.5,3136520,TEL
10/3/2014,54.87,55.79,54.77,55.69,3085364,TEL
10/6/2014,56,56.57,55.89,56.41,2934116,TEL
10/7/2014,56.2,56.6,55.73,55.75,4046112,TEL
10/8/2014,55.9,56.37,54.99,56.33,2252235,TEL
10/9/2014,55.96,56.05,54.68,54.8,2094210,TEL
10/10/2014,54.6,54.72,51.48,51.55,7548273,TEL
10/13/2014,51.69,52.45,51.29,51.47,3372889,TEL
10/14/2014,51.75,52.88,51.75,52.06,2422571,TEL
10/15/2014,51.37,52.6,51.03,52.47,2779406,TEL
10/16/2014,51.71,52.99,51.49,52.43,2543360,TEL
10/17/2014,52.98,54.48,52.89,53.44,2017593,TEL
10/20/2014,53.1,53.54,52.85,53.36,1794478,TEL
10/21/2014,53.92,55.16,53.83,55.1,2139149,TEL
10/22/2014,55.02,55.13,54.24,54.4,3108650,TEL
10/23/2014,55.21,55.65,54.885,55.3,1736182,TEL
10/24/2014,55.31,56.35,55.28,56.27,1511841,TEL
10/27/2014,56.14,57.88,55.6,56.36,2170521,TEL
10/28/2014,56.51,58.02,56.45,58,2482401,TEL
10/29/2014,57.6,58.76,57.49,58.06,3623995,TEL
10/30/2014,61.67,61.75,61.43,61.56,1499837,TEL
10/31/2014,60.3,61.43,59.99,61.13,3079432,TEL
11/3/2014,61.09,61.94,61,61.41,2290489,TEL
11/4/2014,61.26,61.97,61.16,61.9,1675913,TEL
11/5/2014,62.18,62.3,61.54,62.12,1393064,TEL
11/6/2014,62.27,62.59,62.01,62.15,1416997,TEL
11/7/2014,62.31,62.39,61.6,62.12,1420615,TEL
11/10/2014,61.74,62.02,61.33,61.5,2623502,TEL
11/11/2014,61.52,61.98,61.42,61.69,1224418,TEL
11/12/2014,61.67,61.75,61.43,61.56,1499837,TEL
11/13/2014,61.42,61.68,60.66,61.2,2219815,TEL
11/14/2014,61.16,61.72,61.14,61.53,1794970,TEL
11/17/2014,61.39,61.625,60.65,61.02,1687653,TEL
11/18/2014,61.09,61.96,61.06,61.72,1630988,TEL
11/19/2014,61.9,61.9,61.24,61.44,1713636,TEL
11/20/2014,61.11,61.88,61.08,61.62,1095655,TEL
11/21/2014,62.2,63.0801,62.12,63.02,1640902,TEL
11/24/2014,63.07,63.7,62.88,63.68,1474546,TEL
11/25/2014,63.47,63.64,63.01,63.55,2281430,TEL
11/26/2014,63.5,63.88,63.27,63.77,1675777,TEL
11/28/2014,63.85,64.37,63.63,64.2,906132,TEL
12/1/2014,63.79,64.165,63.4,63.58,1140254,TEL
12/2/2014,63.63,64.09,63.5,63.89,1182917,TEL
12/3/2014,64.01,64.76,63.95,64.67,1269888,TEL
12/4/2014,64.72,64.85,64.1,64.59,811185,TEL
12/5/2014,64.77,65.08,64.55,65,868795,TEL
12/8/2014,64.97,65.101,64.07,64.25,850368,TEL
12/9/2014,63.32,64.46,63.16,64.42,1426525,TEL
12/10/2014,64.25,64.685,63.21,63.25,1197730,TEL
12/11/2014,63.51,64.21,63.02,63.19,1212291,TEL
12/12/2014,62.52,62.98,61.74,61.78,1508894,TEL
12/15/2014,62.04,62.52,61.11,61.28,1318866,TEL
12/16/2014,61.14,62.51,61.02,61.24,1851756,TEL
12/17/2014,61.32,62.02,60.43,61.92,2140688,TEL
12/18/2014,62.74,63.78,62.47,63.71,1786214,TEL
12/19/2014,63.76,64.19,63.48,63.57,2584976,TEL
12/22/2014,63.8,64.72,63.8,64.59,1132756,TEL
12/23/2014,64.86,65.21,64.68,64.71,917140,TEL
12/24/2014,64.75,64.97,64.49,64.59,647946,TEL
12/26/2014,64.69,65.07,64.69,64.75,628804,TEL
12/29/2014,64.53,65.03,64.53,64.57,952973,TEL
12/30/2014,64.34,64.54,64.1,64.11,917444,TEL
12/31/2014,64.43,64.55,63.25,63.25,1320256,TEL
1/2/2015,63.72,63.86,62.63,63.17,948932,TEL
1/5/2015,62.65,62.69,61.73,61.94,953437,TEL
1/6/2015,61.94,62.045,60.54,61.19,1454280,TEL
1/7/2015,61.6,63.05,61.315,63.03,1929238,TEL
1/8/2015,63.64,64.46,63.64,64.3,1635309,TEL
1/9/2015,64.36,64.49,63.66,63.92,1136483,TEL
1/12/2015,63.95,64.1,62.755,62.96,1266494,TEL
1/13/2015,63.26,63.82,61.98,62.62,1620228,TEL
1/14/2015,61.94,62.93,61.8,62.9,1401885,TEL
1/15/2015,63.07,63.2599,62.15,62.35,2199293,TEL
1/16/2015,62.18,63.12,61.84,63.05,1624440,TEL
1/20/2015,63.31,63.351,61.865,62.09,1696998,TEL
1/21/2015,61.82,62.92,61.63,62.74,1555498,TEL
1/22/2015,62.83,63.065,62,62.8,1984195,TEL
1/23/2015,62.89,63.05,62.34,62.89,1966921,TEL
1/26/2015,62.88,63.29,62.49,63.16,1437814,TEL
1/27/2015,64.68,65.45,63.54,64.63,3368195,TEL
1/28/2015,66.38,69.96,66.07,67.45,3934548,TEL
1/29/2015,67.43,67.76,66.01,67.57,2573735,TEL
1/30/2015,67.14,67.6076,66.31,66.39,2129475,TEL
2/2/2015,66.13,66.91,64.77,66.87,2809104,TEL
2/3/2015,66.81,68.26,66.81,68.18,2323403,TEL
2/4/2015,67.79,68.39,67.61,67.97,1811619,TEL
2/5/2015,67.97,69.29,67.85,69.25,1831971,TEL
2/6/2015,69,69.64,68.45,68.65,1505738,TEL
2/9/2015,68.43,69.53,68.3,69.23,1982705,TEL
2/10/2015,69.7,69.79,68.9,69.56,1546825,TEL
2/11/2015,69.43,69.87,69.16,69.69,1338889,TEL
2/12/2015,69.9,70.815,69.76,70.38,1531276,TEL
2/13/2015,70.36,70.879,70.04,70.76,1878009,TEL
2/17/2015,70.71,71.25,70.62,71.04,1142508,TEL
2/18/2015,70.79,71,70.54,70.79,1011041,TEL
2/19/2015,70.63,71.3138,70.34,71,1102741,TEL
2/20/2015,70.96,71.53,70.36,71.43,1498084,TEL
2/23/2015,70.83,71.37,70.42,71.36,1252309,TEL
2/24/2015,71.34,72.14,70.8701,71.88,1527659,TEL
2/25/2015,70.82,72.2,70.82,72.16,1777113,TEL
2/26/2015,72.29,72.73,72.2,72.38,1688448,TEL
2/27/2015,72.13,72.38,71.9,72.13,1859857,TEL
3/2/2015,72.36,73,71.95,72.95,1339285,TEL
3/3/2015,72.62,73.09,72.25,73.04,1675565,TEL
3/4/2015,72.7,73.06,72.01,72.71,1851158,TEL
3/5/2015,72.98,72.99,72.32,72.52,1045342,TEL
3/6/2015,72.35,72.755,71.74,72.07,1760177,TEL
3/9/2015,71.98,72.26,71.76,72.13,1200701,TEL
3/10/2015,71.78,72.03,71.2,71.45,2650096,TEL
3/11/2015,71.49,71.605,70.97,71.06,1660526,TEL
3/12/2015,71.18,71.919,70.98,71.71,2200483,TEL
3/13/2015,71.72,72.04,70.55,71.04,1708914,TEL
3/16/2015,71.49,72.89,71.48,72.69,1485355,TEL
3/17/2015,72.47,72.49,71.72,72.05,1390259,TEL
3/18/2015,72.03,73.46,71.54,73.32,1356983,TEL
3/19/2015,73.04,73.16,72.31,72.39,1435139,TEL
3/20/2015,72.69,73.73,72.54,73.42,1658843,TEL
3/23/2015,73.45,73.56,72.94,73.07,1105522,TEL
3/24/2015,73.02,73.02,72.43,72.43,956055,TEL
3/25/2015,72.42,72.63,70.59,70.59,1498753,TEL
3/26/2015,70.15,70.735,69.643,70.61,1635146,TEL
3/27/2015,70.63,71.05,69.93,70.54,1135938,TEL
3/30/2015,71.08,72.04,71.02,71.73,1078989,TEL
3/31/2015,71.63,72.095,71.37,71.62,1780910,TEL
4/1/2015,71.69,71.7,70.55,71.08,1526266,TEL
4/2/2015,71.23,71.54,70.67,70.67,1523875,TEL
4/6/2015,70.45,71.46,70.13,71.16,1448462,TEL
4/7/2015,71.06,71.34,70.56,70.94,1182609,TEL
4/8/2015,71.16,71.47,70.43,70.75,1542375,TEL
4/9/2015,70.74,71.22,70.43,70.91,1169315,TEL
4/10/2015,70.89,71.11,70.7,71,861263,TEL
4/13/2015,70.73,71.1,70.28,70.3,865983,TEL
4/14/2015,70.21,70.58,69.84,70.14,1565681,TEL
4/15/2015,70.28,71.07,70.16,70.81,1729863,TEL
4/16/2015,70.44,70.94,70.29,70.53,1607763,TEL
4/17/2015,70.05,70.05,69.15,69.78,1722174,TEL
4/20/2015,70.19,70.72,70.15,70.63,1375924,TEL
4/21/2015,70.76,70.98,69.87,70.01,1587504,TEL
4/22/2015,66.89,70.28,66.64,70.14,4068310,TEL
4/23/2015,69.62,69.79,68.62,68.75,2173648,TEL
4/24/2015,69.79,70.13,68.43,68.84,1931560,TEL
4/27/2015,69.32,69.33,68.53,68.85,1793426,TEL
4/28/2015,68.76,69.14,67.88,68.32,2111432,TEL
4/29/2015,67.94,68.3,67.25,67.65,1734896,TEL
4/30/2015,67.42,67.44,66.19,66.55,1913164,TEL
5/1/2015,66.94,68.09,66.81,68.07,1585824,TEL
5/4/2015,68.08,69.27,68.07,69.2,1830272,TEL
5/5/2015,69.03,69.71,68.07,68.08,2117218,TEL
5/6/2015,68.3,68.62,67.43,67.78,1477313,TEL
5/7/2015,67.72,68.6,67.53,68.35,1152605,TEL
5/8/2015,68.94,69.155,68.71,68.91,1727236,TEL
5/11/2015,68.72,69.62,68.671,69.49,1514452,TEL
5/12/2015,68.86,69.07,68.45,68.79,996487,TEL
5/13/2015,68.98,69.9,68.85,69.46,1135343,TEL
5/14/2015,69.92,70.25,69.58,70.12,2138814,TEL
5/15/2015,70.11,70.29,69.804,70.21,1538629,TEL
5/18/2015,70,70.78,69.81,70.68,862912,TEL
5/19/2015,70.88,71.04,70.42,70.54,1160486,TEL
5/20/2015,70.46,70.779,70.22,70.39,711268,TEL
5/21/2015,70.22,70.75,70.13,70.27,1210640,TEL
5/22/2015,69.94,70.16,69.79,69.96,1417171,TEL
5/26/2015,69.7,69.945,68.97,69,1573982,TEL
5/27/2015,69,70,68.94,70,1586311,TEL
5/28/2015,69.72,69.943,69.49,69.57,1316340,TEL
5/29/2015,69.68,69.68,68.9,69,2032799,TEL
6/1/2015,69.04,69.293,68.4,69,1361279,TEL
6/2/2015,68.89,69.81,68.52,69.19,1508581,TEL
6/3/2015,69.38,69.84,69,69.51,1057804,TEL
6/4/2015,69.2,69.29,67.96,68.08,1455144,TEL
6/5/2015,68.01,68.82,67.64,68.7,1495170,TEL
6/8/2015,68.77,68.98,68.3203,68.33,1159189,TEL
6/9/2015,68.09,68.45,67.74,68.21,1311684,TEL
6/10/2015,68.35,69.06,68.08,68.96,1097618,TEL
6/11/2015,69.19,69.7,69.06,69.21,1274289,TEL
6/12/2015,68.78,69.19,68.61,68.81,1148933,TEL
6/15/2015,68.34,68.43,67.37,67.94,1234456,TEL
6/16/2015,68.08,69.16,67.948,69.15,1210756,TEL
6/17/2015,69.35,69.88,68.61,68.91,1309429,TEL
6/18/2015,68.9,69.82,68.77,69.67,1327451,TEL
6/19/2015,69.15,69.665,68.89,68.92,1790274,TEL
6/22/2015,69.56,69.6,69.07,69.36,913526,TEL
6/23/2015,69.57,69.73,68.8984,69.56,1476354,TEL
6/24/2015,69.54,69.57,68.07,68.11,1743657,TEL
6/25/2015,68.1,68.44,66.49,66.54,2806429,TEL
6/26/2015,66.71,66.78,65.66,66.12,2763111,TEL
6/29/2015,65.57,65.94,63.81,64,3264727,TEL
6/30/2015,64.7,64.92,63.51,64.3,4001841,TEL
7/1/2015,64.88,64.98,63.92,64.35,2141061,TEL
7/2/2015,64.23,64.69,64,64.36,1395126,TEL
7/6/2015,63.63,64.13,63.231,63.71,2139871,TEL
7/7/2015,63.71,63.93,62.53,63.43,3259298,TEL
7/8/2015,62.67,63.16,61.68,61.76,2795596,TEL
7/9/2015,62.76,62.89,61.71,61.73,2066927,TEL
7/10/2015,62.68,62.84,62.07,62.41,1766571,TEL
7/13/2015,62.76,62.96,62.375,62.55,1828450,TEL
7/14/2015,62.56,63.26,62.53,63.09,2307639,TEL
7/15/2015,63.16,63.24,62.78,62.89,2051868,TEL
7/16/2015,63.28,63.58,62.55,62.79,1468752,TEL
7/17/2015,62.92,62.96,62.02,62.2,2369181,TEL
7/20/2015,62.24,62.61,61.88,62.38,1463711,TEL
7/21/2015,62.31,62.93,62.08,62.37,1823077,TEL
7/22/2015,62.09,62.68,61.45,61.7,6561516,TEL
7/23/2015,61.7,62.09,60.9,61.14,3515793,TEL
7/24/2015,61.1,61.48,60.18,60.29,3956730,TEL
7/27/2015,60.05,60.57,59.7,59.85,2390850,TEL
7/28/2015,60.23,61.065,59.81,60.67,2489359,TEL
7/29/2015,60.7,61.12,60.58,60.63,2695522,TEL
7/30/2015,60.5,60.85,60.46,60.7,4168669,TEL
7/31/2015,60.97,61.28,60.54,60.92,2318505,TEL
8/3/2015,60.86,61.16,60.52,60.96,1706072,TEL
8/4/2015,60.88,61.33,60.75,61.02,2545550,TEL
8/5/2015,61.66,62.75,61.415,62.59,2431360,TEL
8/6/2015,62.41,62.62,61.6,61.63,2005578,TEL
8/7/2015,61.5,62.05,61.35,61.91,1137726,TEL
8/10/2015,62.33,64.071,62.28,64.06,2302726,TEL
8/11/2015,63.35,63.62,62.73,62.78,2479324,TEL
8/12/2015,62.38,62.69,61.45,62.58,1772032,TEL
8/13/2015,62.54,63.09,61.815,61.85,1659053,TEL
8/14/2015,61.7,62.595,61.66,62.53,1097715,TEL
8/17/2015,62.25,62.71,61.76,62.54,1001319,TEL
8/18/2015,62.41,62.61,62.075,62.36,1441842,TEL
8/19/2015,62.12,62.9,61.62,62.38,1628040,TEL
8/20/2015,61.76,61.98,60.84,60.87,2398640,TEL
8/21/2015,60.12,60.67,58.73,58.77,2427521,TEL
8/24/2015,54.815,58.34,54.32,56.24,4498236,TEL
8/25/2015,58.03,58.03,55.49,55.53,2545194,TEL
8/26/2015,57.75,57.9,55.23,56.88,3454178,TEL
8/27/2015,57.46,58.64,57.09,58.07,2261965,TEL
8/28/2015,58.55,59.42,58.55,59.24,2820276,TEL
8/31/2015,59.01,60,58.79,59.29,2556167,TEL
9/1/2015,58.05,58.61,57.54,57.91,3042254,TEL
9/2/2015,58.68,59.04,57.98,59.04,2244348,TEL
9/3/2015,59.48,60.08,59.06,59.14,1887472,TEL
9/4/2015,58.4,58.61,57.8436,58.23,2420479,TEL
9/8/2015,58.9,60.31,58.25,60.28,1838498,TEL
9/9/2015,60.88,61.04,59.51,59.61,1702224,TEL
9/10/2015,59.36,60.66,59.28,60.23,2010711,TEL
9/11/2015,59.74,60.81,59.55,60.76,1937657,TEL
9/14/2015,60.76,60.83,60.36,60.73,2142564,TEL
9/15/2015,60.93,61.82,60.76,61.66,1645830,TEL
9/16/2015,61.57,62.82,61.34,62.76,2226432,TEL
9/17/2015,62.47,63.25,62.17,62.36,2603186,TEL
9/18/2015,61.41,61.83,61.02,61.35,3812951,TEL
9/21/2015,61.54,62.18,61.11,61.35,2087724,TEL
9/22/2015,60.3,60.52,58.72,59.14,2973259,TEL
9/23/2015,59.05,59.41,58.49,58.81,1838292,TEL
9/24/2015,58.19,58.62,57.11,58.4,2558785,TEL
9/25/2015,59.11,59.69,58.01,58.42,2460340,TEL
9/28/2015,58.2,58.335,56.77,56.85,2988884,TEL
9/29/2015,56.91,57.7,56.75,57.6,3072937,TEL
9/30/2015,58.44,59.96,58.285,59.89,2985309,TEL
10/1/2015,59.76,60.33,58.7,59.47,2557101,TEL
10/2/2015,58.75,59.99,58.57,59.99,2724346,TEL
10/5/2015,60.46,62.075,60.38,61.8,2036125,TEL
10/6/2015,61.84,62.05,61.31,61.88,2196560,TEL
10/7/2015,62.22,62.57,61.28,61.87,2357087,TEL
10/8/2015,61.86,62.18,61.41,61.9,2751775,TEL
10/9/2015,61.87,62.36,61.68,61.8,2050212,TEL
10/12/2015,61.71,62.1528,61.58,61.95,1877143,TEL
10/13/2015,61.65,62,61.48,61.56,2115955,TEL
10/14/2015,61.48,62.095,61.41,61.86,2745966,TEL
10/15/2015,62.14,63.15,61.93,63.14,1840645,TEL
10/16/2015,63.22,63.48,63.06,63.36,2428182,TEL
10/19/2015,63.01,63.4899,63.01,63.38,1554389,TEL
10/20/2015,63.21,64,63.2,63.89,1487376,TEL
10/21/2015,63.39,63.5,61.14,61.18,4411498,TEL
10/22/2015,61.72,63.76,61.33,63.4,2616755,TEL
10/23/2015,63.89,63.95,63.51,63.86,2370885,TEL
10/26/2015,63.88,64.1909,63.51,63.83,1780277,TEL
10/27/2015,63.09,63.48,62,62.44,4564451,TEL
10/28/2015,62.8,63.3,61.83,63.23,3908961,TEL
10/29/2015,63.17,64.24,62.77,64.04,2668357,TEL
10/30/2015,64.18,64.92,63.99,64.44,2615612,TEL
11/2/2015,64.44,65.71,64.44,65.57,2008208,TEL
11/3/2015,65.31,66.015,65.24,65.78,1975703,TEL
11/4/2015,65.88,66.54,65.72,66.28,1858896,TEL
11/5/2015,66.2,66.77,65.82,66.69,2105087,TEL
11/6/2015,66.46,66.99,66.08,66.55,2045728,TEL
11/9/2015,66.24,66.52,65.76,65.95,2886808,TEL
11/10/2015,65.59,66.08,64.92,65.5,2734227,TEL
11/11/2015,65.81,66.336,65.52,66.17,1990291,TEL
11/12/2015,65.73,66.235,65.03,65.04,2438651,TEL
11/13/2015,65.04,65.47,64.5,64.83,2150147,TEL
11/16/2015,64.8,65.63,64.75,65.58,2170604,TEL
11/17/2015,65.59,65.96,64.96,65.11,1995514,TEL
11/18/2015,65.44,66.84,65.07,66.71,1822200,TEL
11/19/2015,66.83,67.39,66.56,67.09,1415348,TEL
11/20/2015,67.45,67.8,67.32,67.61,1980878,TEL
11/23/2015,67.55,67.99,67.0101,67.51,1460160,TEL
11/24/2015,66.81,67.61,66.71,67.39,2004232,TEL
11/25/2015,67.34,67.58,66.76,66.78,2458259,TEL
11/27/2015,66.82,67.72,66.66,67.34,1502660,TEL
11/30/2015,67.49,67.57,67.06,67.09,2917972,TEL
12/1/2015,67.2,67.91,67.2,67.6,2089456,TEL
12/2/2015,67.5,67.73,66.46,66.67,2706445,TEL
12/3/2015,67.28,67.28,65.77,66.01,2742717,TEL
12/4/2015,66.23,66.58,65.9,66.41,4157726,TEL
12/7/2015,66.36,66.63,65.975,66.25,2589418,TEL
12/8/2015,65.53,65.69,64.98,65.12,2581647,TEL
12/9/2015,64.72,65.43,63.99,64.27,2879544,TEL
12/10/2015,63.98,64.6,59.21,64.07,2583936,TEL
12/11/2015,63.34,63.69,62.9099,63,2258358,TEL
12/14/2015,63.22,63.46,62.26,62.67,3278563,TEL
12/15/2015,63.36,63.86,63.08,63.27,2749569,TEL
12/16/2015,63.66,64.36,62.99,64.19,1854459,TEL
12/17/2015,64.23,64.58,63.39,63.39,2094275,TEL
12/18/2015,63.01,63.62,62.585,62.75,6282838,TEL
12/21/2015,63.29,63.86,63.08,63.61,2209910,TEL
12/22/2015,63.85,64.58,63.51,64.39,1816739,TEL
12/23/2015,64.74,65.34,64.484,65.25,1564686,TEL
12/24/2015,65.24,65.8,65.09,65.29,1454055,TEL
12/28/2015,65.14,65.63,64.98,65.21,2491529,TEL
12/29/2015,65.65,66.09,65.415,65.75,2416570,TEL
12/30/2015,65.74,66.04,65.44,65.49,1902549,TEL
12/31/2015,65.13,65.43,64.61,64.61,2226420,TEL
1/4/2016,63.47,63.67,62.53,63.44,2872155,TEL
1/5/2016,63.44,63.79,62.84,63.27,2532806,TEL
1/6/2016,62.47,62.8,61.94,62.08,3449390,TEL
1/7/2016,60.77,61.04,58.695,58.79,4167322,TEL
1/8/2016,59,59.37,58.03,58.15,3437530,TEL
1/11/2016,58.6,59.02,57.34,57.92,3622128,TEL
1/12/2016,58.53,58.64,57.62,58.46,2904136,TEL
1/13/2016,58.52,59.21,57.07,57.11,3361394,TEL
1/14/2016,57,58,56.27,57.44,4248189,TEL
1/15/2016,56.1,56.19,54.66,55.08,5032277,TEL
1/19/2016,55.71,55.96,54.87,55.38,4905867,TEL
1/20/2016,59.01,59.01,55.605,56.3,5993548,TEL
1/21/2016,57.05,58.27,56.22,57.32,4978848,TEL
1/22/2016,58.4,58.84,57.74,58,4071876,TEL
1/25/2016,58,58.17,56.33,56.37,2014278,TEL
1/26/2016,59.73,60.06,56.8,57.02,3728081,TEL
1/27/2016,56.75,57.2,55.92,56.22,3723629,TEL
1/28/2016,56.92,56.985,55.545,55.9,3346929,TEL
1/29/2016,56,57.17,55.94,57.16,5767119,TEL
2/1/2016,56.81,57.72,56.54,57.21,4871213,TEL
2/2/2016,56.12,56.48,54.655,54.81,3829210,TEL
2/3/2016,54.97,55.74,53.56,53.8,5710500,TEL
2/4/2016,53.82,55,53.42,54.9,5593899,TEL
2/5/2016,54.55,55.33,53.67,53.88,3651350,TEL
2/8/2016,53.4,53.48,51.89,52.4,3325662,TEL
2/9/2016,51.71,52.76,51.7,52.27,3999825,TEL
2/10/2016,52.75,53.59,52.67,53.14,2750535,TEL
2/11/2016,52.45,53.79,52.39,53.66,4585306,TEL
2/12/2016,54.02,54.95,53.9,54.49,3519784,TEL
2/16/2016,55.18,55.71,54.89,55.5,3235756,TEL
2/17/2016,55.67,56.92,55.65,56.74,2524382,TEL
2/18/2016,57.03,57.56,56.91,57.18,2208935,TEL
2/19/2016,57.16,57.72,56.56,57.61,3111711,TEL
2/22/2016,57.92,58.515,57.73,58.18,2613696,TEL
2/23/2016,57.84,58.22,57,57.27,3446060,TEL
2/24/2016,56.31,57.31,55.67,57.04,3347284,TEL
2/25/2016,56.97,57.43,56.77,57.41,1983591,TEL
2/26/2016,57.59,58,57.42,57.66,2119535,TEL
2/29/2016,57.47,58,56.86,56.92,3918974,TEL
3/1/2016,57.49,59.015,57.31,58.9,2484558,TEL
3/2/2016,58.45,59.345,58.24,59.28,2667913,TEL
3/3/2016,59.51,60.51,59.23,60.48,2516576,TEL
3/4/2016,60.49,60.82,59.85,60.06,1562470,TEL
3/7/2016,59.61,60.65,58.9,60.6,1723663,TEL
3/8/2016,60.29,60.85,59.27,59.4,2058394,TEL
3/9/2016,59.59,59.955,59.325,59.48,2080226,TEL
3/10/2016,59.72,59.855,58.25,59,1554547,TEL
3/11/2016,59.49,59.99,59.42,59.72,1486813,TEL
3/14/2016,59.43,59.75,59.04,59.37,1813026,TEL
3/15/2016,58.94,59.27,58.57,59.15,1454426,TEL
3/16/2016,59.1,59.67,58.97,59.48,1389857,TEL
3/17/2016,59.65,60.94,59.2,60.79,2009424,TEL
3/18/2016,60.98,62.42,60.89,62.23,5630203,TEL
3/21/2016,62.09,62.2,61.59,61.81,1234768,TEL
3/22/2016,61.67,62.27,61.3501,61.71,1256198,TEL
3/23/2016,61.54,61.54,60.95,61.02,990606,TEL
3/24/2016,60.73,60.9701,60.3,60.96,859361,TEL
3/28/2016,61.16,61.64,60.92,61.03,858908,TEL
3/29/2016,60.35,60.94,59.85,60.92,2747974,TEL
3/30/2016,61.27,61.73,60.8,61.18,1144800,TEL
3/31/2016,61.28,62.07,61.07,61.92,1566391,TEL
4/1/2016,61.63,62.17,61.215,62.05,1626094,TEL
4/4/2016,61.97,62.04,61,61.27,1158319,TEL
4/5/2016,60.76,61.38,60.53,60.85,1735687,TEL
4/6/2016,60.81,61.655,60.45,61.61,1118082,TEL
4/7/2016,61.18,61.35,60.47,60.85,1348547,TEL
4/8/2016,61.58,62.32,61.16,61.43,1137919,TEL
4/11/2016,61.77,62.56,61.44,61.95,1709833,TEL
4/12/2016,62.17,62.97,61.94,62.64,1632862,TEL
4/13/2016,63.05,63.52,62.92,63.26,2280371,TEL
4/14/2016,63.18,63.38,62.48,63.33,1348809,TEL
4/15/2016,63.3,63.56,62.98,63.48,1702165,TEL
4/18/2016,63.29,63.68,63.16,63.64,1215640,TEL
4/19/2016,63.95,63.95,63.43,63.69,1826384,TEL
4/20/2016,62.21,62.65,60.37,61.44,3949368,TEL
4/21/2016,61.19,61.47,60.44,61.1,2073989,TEL
4/22/2016,60.68,61.86,60.68,61.22,1671813,TEL
4/25/2016,61,61.21,60.12,60.19,1601230,TEL
4/26/2016,60.49,60.94,60.41,60.81,1874931,TEL
4/27/2016,60.57,61.17,60.45,60.95,1486312,TEL
4/28/2016,60.47,60.86,59.97,60.12,1395502,TEL
4/29/2016,60,60,58.96,59.48,1587492,TEL
5/2/2016,59.47,59.89,59.07,59.8,1251343,TEL
5/3/2016,59.49,60.13,59.12,59.75,2186670,TEL
5/4/2016,59.43,60.03,59,59.34,3433777,TEL
5/5/2016,59.42,59.85,58.98,59.39,1676340,TEL
5/6/2016,59.02,59.48,58.64,59.33,1969868,TEL
5/9/2016,58.43,59.44,58.43,58.94,1523774,TEL
5/10/2016,59.22,59.705,58.965,59.4,1509199,TEL
5/11/2016,59.13,59.62,58.91,58.96,1000819,TEL
5/12/2016,59.25,59.27,58.29,58.72,1669648,TEL
5/13/2016,58.61,59.09,57.7,57.74,1330207,TEL
5/16/2016,57.67,58.73,57.52,58.38,1495596,TEL
5/17/2016,58.28,58.66,57.9,58.29,1931494,TEL
5/18/2016,58.19,58.77,57.83,58.2,1210938,TEL
5/19/2016,57.84,58.32,57.44,57.75,1395906,TEL
5/20/2016,57.94,58.34,57.68,57.83,2110853,TEL
5/23/2016,57.99,58.02,57.59,57.92,1633567,TEL
5/24/2016,58.18,59.14,57.8,59.06,1535970,TEL
5/25/2016,58.82,59.175,58.45,59.03,1399671,TEL
5/26/2016,58.96,59.3099,58.7201,59.16,1194503,TEL
5/27/2016,59.35,59.65,58.97,59.64,964764,TEL
5/31/2016,59.57,60.09,59.46,60,2299908,TEL
6/1/2016,59.75,60.17,58.83,59.61,2448192,TEL
6/2/2016,59.56,60.22,59.56,60.17,1184075,TEL
6/3/2016,59.96,60.38,59.585,60.26,1430354,TEL
6/6/2016,60.5,61.04,60.11,60.94,1485853,TEL
6/7/2016,61.09,62.17,61,62.07,2292319,TEL
6/8/2016,62.04,62.6,61.78,62.47,1678923,TEL
6/9/2016,62.2,62.62,61.99,62.27,1324396,TEL
6/10/2016,61.68,61.84,61.17,61.37,1133969,TEL
6/13/2016,61.26,61.54,60.51,60.53,1260084,TEL
6/14/2016,60.28,60.67,60.125,60.4,1184602,TEL
6/15/2016,60.55,60.74,60.1,60.14,1188878,TEL
6/16/2016,59.72,60.39,59.37,60.28,1251427,TEL
6/17/2016,60.35,60.72,60.03,60.62,3253531,TEL
6/20/2016,61.44,62.22,61.3,61.49,1326992,TEL
6/21/2016,61.58,61.83,61.25,61.77,1374193,TEL
6/22/2016,61.71,62.33,61.52,61.94,1300683,TEL
6/23/2016,62.61,63,62.2965,63,1056988,TEL
6/24/2016,59.96,60.71,57.27,57.32,4832131,TEL
6/27/2016,56.67,56.74,54.54,54.83,3375149,TEL
6/28/2016,55.45,55.68,54.89,55.31,2071540,TEL
6/29/2016,55.8,56.4,55.33,56.09,2040370,TEL
6/30/2016,56.2,57.11,55.9,57.11,2122013,TEL
7/1/2016,57.11,57.51,56.76,56.82,1631648,TEL
7/5/2016,56.42,56.49,55.4568,55.75,1551088,TEL
7/6/2016,55.47,55.72,54.78,55.52,1641480,TEL
7/7/2016,55.6,56.64,55.6,56.42,1490706,TEL
7/8/2016,56.68,57.75,56.53,57.53,1496000,TEL
7/11/2016,57.83,58.41,57.63,58.21,1242479,TEL
7/12/2016,58.56,59.36,58.48,59.19,1389721,TEL
7/13/2016,59.37,59.41,58.75,59,1707002,TEL
7/14/2016,59.61,59.79,59.16,59.58,1598933,TEL
7/15/2016,60.05,60.16,59.57,60.06,1294215,TEL
7/18/2016,59.84,60.37,59.66,59.71,1691205,TEL
7/19/2016,59.64,59.98,59.34,59.59,2226749,TEL
7/20/2016,59.03,62.14,59.03,61.87,2489324,TEL
7/21/2016,61.71,62.17,61.24,61.54,1916995,TEL
7/22/2016,61.51,61.649,61.03,61.27,1584085,TEL
7/25/2016,61.29,61.62,61.17,61.33,1465388,TEL
7/26/2016,61.44,61.7,61.07,61.41,1493985,TEL
7/27/2016,61.68,61.96,61.06,61.29,1205825,TEL
7/28/2016,61.15,61.32,60.28,60.55,1255076,TEL
7/29/2016,60.56,60.76,60,60.28,2034870,TEL
8/1/2016,60.36,60.645,60.02,60.12,1161918,TEL
8/2/2016,60.03,60.11,57.85,58.05,2210919,TEL
8/3/2016,58.14,58.56,58.06,58.3,1789511,TEL
8/4/2016,58.33,58.5699,58,58.13,988242,TEL
8/5/2016,58.49,59.05,58.33,58.98,1693420,TEL
8/8/2016,59.21,59.51,58.91,59.14,978557,TEL
8/9/2016,59.25,59.52,59.04,59.46,1353895,TEL
8/10/2016,59.6,59.83,59.374,59.73,1518844,TEL
8/11/2016,59.85,60.285,59.73,60.07,1493302,TEL
8/12/2016,60.02,60.15,59.62,59.99,778935,TEL
8/15/2016,60.08,61.46,60.08,61.21,1197690,TEL
8/16/2016,61.22,61.22,60.6,60.71,1161872,TEL
8/17/2016,60.83,61.56,60.52,61.43,1465603,TEL
8/18/2016,61.43,61.84,61.22,61.82,1481316,TEL
8/19/2016,61.55,62.91,61.462,62.86,2042330,TEL
8/22/2016,62.49,62.93,62.23,62.9,1934846,TEL
8/23/2016,63.2,63.5,63.1,63.29,1629490,TEL
8/24/2016,62.96,63.39,62.91,63.1,2296966,TEL
8/25/2016,62.93,63.41,62.7501,63.33,1663827,TEL
8/26/2016,63.5,64.15,63.28,63.54,1644490,TEL
8/29/2016,63.46,63.9,63.25,63.4,1193760,TEL
8/30/2016,63.49,64.02,63.3,63.44,1713255,TEL
8/31/2016,63.36,63.64,63.181,63.57,1768084,TEL
9/1/2016,63.28,63.75,62.79,63.18,1242842,TEL
9/2/2016,63.5,63.75,63.28,63.64,943793,TEL
9/6/2016,63.56,63.56,62.57,62.72,1632422,TEL
9/7/2016,62.8,63.25,62.75,63.25,1429532,TEL
9/8/2016,62.99,63.05,62.67,62.77,1359372,TEL
9/9/2016,62.24,62.42,60.78,60.98,1498158,TEL
9/12/2016,60.61,61.86,60.38,61.62,1243269,TEL
9/13/2016,61.21,61.67,60.6034,60.86,1283815,TEL
9/14/2016,60.81,61.33,60.6,60.82,1258646,TEL
9/15/2016,60.81,61.995,60.77,61.89,1220758,TEL
9/16/2016,61.54,61.7,60.96,61.5,1927278,TEL
9/19/2016,61.91,62.675,61.795,62.29,1730822,TEL
9/20/2016,62.59,63.12,62.43,62.95,2476912,TEL
9/21/2016,63.3,64,62.93,63.91,1851185,TEL
9/22/2016,64.07,64.535,63.99,64.41,1944037,TEL
9/23/2016,64.17,64.21,63.8,63.88,1235641,TEL
9/26/2016,63.52,63.87,63.33,63.49,906235,TEL
9/27/2016,63.48,64.55,63.137,64.54,1179422,TEL
9/28/2016,64.69,64.86,63.94,64.31,961821,TEL
9/29/2016,63.94,64.4399,63.19,63.31,1025543,TEL
9/30/2016,63.68,64.6,63.53,64.38,1601957,TEL
10/3/2016,64.17,64.35,63.48,63.59,1173350,TEL
10/4/2016,63.67,64.46,63.39,63.75,1089207,TEL
10/5/2016,64.11,64.98,63.83,64.65,1266819,TEL
10/6/2016,64.44,64.925,63.97,64.79,1270899,TEL
10/7/2016,64.66,64.74,63.63,63.92,1285497,TEL
10/10/2016,64.24,64.63,63.73,63.76,578489,TEL
10/11/2016,63.65,63.92,62.5,62.75,1159284,TEL
10/12/2016,62.68,62.93,62.07,62.19,904349,TEL
10/13/2016,61.64,61.78,60.59,61.35,1047726,TEL
10/14/2016,61.79,62.1,61.07,61.11,968462,TEL
10/17/2016,61.14,61.35,60.88,61.03,1020780,TEL
10/18/2016,61.68,61.789,61.08,61.29,1180313,TEL
10/19/2016,61.45,62.17,61.04,61.97,950918,TEL
10/20/2016,61.9,62.15,61.54,62.05,831424,TEL
10/21/2016,61.55,62.04,61.07,61.78,933624,TEL
10/24/2016,62.32,62.88,62.32,62.82,1220773,TEL
10/25/2016,62.64,62.76,61.3,61.9,1487130,TEL
10/26/2016,61.73,63.27,61.54,62.79,1263107,TEL
10/27/2016,62.91,63.2,62.03,62.14,1022774,TEL
10/28/2016,62.26,62.86,62.05,62.36,931046,TEL
10/31/2016,62.64,62.96,62.25,62.87,1517296,TEL
11/1/2016,63.05,63.5,62.54,63.29,2895729,TEL
11/2/2016,64.235,65.475,62.87,62.92,2704277,TEL
11/3/2016,62.92,63.44,62.29,62.41,1477445,TEL
11/4/2016,62.41,63.12,62.22,62.63,808687,TEL
11/7/2016,63.38,64.74,63.3217,64.71,1194719,TEL
11/8/2016,64.5,65.61,64.46,65.35,1134420,TEL
11/9/2016,64.32,66.24,63.43,65.95,1829764,TEL
11/10/2016,66.37,67.44,66.11,66.77,1678237,TEL
11/11/2016,66.41,67.01,66.13,66.9,1428561,TEL
11/14/2016,67.1,67.5,66.45,66.74,2098334,TEL
11/15/2016,66.87,67.43,66.471,67.25,1705133,TEL
11/16/2016,66.9,67.35,66.48,66.82,1360151,TEL
11/17/2016,66.81,67.3,66.46,67.17,1170198,TEL
11/18/2016,67.07,67.08,66.51,66.67,1077324,TEL
11/21/2016,67,67.31,66.54,66.75,1092380,TEL
11/22/2016,66.17,67,66.14,66.92,1258110,TEL
11/23/2016,66.81,67.37,66.67,67.35,1112829,TEL
11/25/2016,67.66,68,67.325,68,434483,TEL
11/28/2016,67.63,68.14,67.6,67.7,1123539,TEL
11/29/2016,67.64,67.93,67.13,67.22,1355852,TEL
11/30/2016,67.83,69.4,67.34,67.64,1780315,TEL
12/1/2016,67.52,67.88,66.53,66.85,1555168,TEL
12/2/2016,66.98,67.69,66.88,67.58,924081,TEL
12/5/2016,68.16,69.635,67.9,69.39,2999238,TEL
12/6/2016,69.59,69.88,68.75,69.04,3723520,TEL
12/7/2016,69.05,70.55,68.845,70.46,1732894,TEL
12/8/2016,70.41,70.735,70.21,70.6,1192071,TEL
12/9/2016,70.74,70.979,70.29,70.75,819379,TEL
12/12/2016,70.74,71.23,70.5,70.87,967893,TEL
12/13/2016,71.18,71.82,70.91,71.6,1281658,TEL
12/14/2016,71.44,71.87,70.5,70.62,1074634,TEL
12/15/2016,70.48,71.08,69.98,70.69,954134,TEL
12/16/2016,70.86,70.89,69.66,69.74,1954107,TEL
12/19/2016,69.98,70.58,69.82,70.44,1099381,TEL
12/20/2016,70.74,70.97,70.12,70.83,756364,TEL
12/21/2016,70.87,71.21,70.65,70.66,633651,TEL
12/22/2016,70.59,70.76,69.97,70.6,979493,TEL
12/23/2016,70.72,70.792,70.32,70.62,506166,TEL
12/27/2016,70.84,71.0325,70.38,70.55,886716,TEL
12/28/2016,70.75,70.78,69.89,70,888956,TEL
12/29/2016,69.99,70.44,69.69,70.05,566430,TEL
12/30/2016,70.27,70.52,69,69.28,1146257,TEL
1/3/2017,69.6,69.895,68.46,68.96,1942009,TEL
1/4/2017,67.8,69.14,67.71,68.67,2208860,TEL
1/5/2017,68.72,68.97,67.755,67.84,1491317,TEL
1/6/2017,68.11,68.61,67.72,68.3,1178469,TEL
1/9/2017,68.26,68.39,66.2,67.31,2795561,TEL
1/10/2017,67.47,68,67.46,67.6,1258793,TEL
1/11/2017,67.51,68.53,67.47,68.52,2437522,TEL
1/12/2017,68.66,69.21,67.8,69.15,1582338,TEL
1/13/2017,69.13,69.85,69.13,69.61,931765,TEL
1/17/2017,69.1,69.775,68.82,69.13,1224889,TEL
1/18/2017,69.41,69.97,69.22,69.82,1130029,TEL
1/19/2017,69.82,70.3253,69.3,69.6,1050221,TEL
1/20/2017,69.84,70.255,69.41,69.92,1528355,TEL
1/23/2017,69.72,70.68,69.43,70.52,2798375,TEL
1/24/2017,70.78,72.71,70.58,71.68,3670944,TEL
1/25/2017,74.18,76.46,74.18,75.17,2854523,TEL
1/26/2017,75.29,75.55,74.59,74.73,2554235,TEL
1/27/2017,74.13,74.93,74.01,74.5,1379949,TEL
1/30/2017,74.12,74.285,72.72,74.26,1312392,TEL
1/31/2017,74.26,74.44,73.44,74.35,1455310,TEL
2/1/2017,74.91,75.13,73.65,74.62,1613900,TEL
2/2/2017,74.3,74.68,73.9,74.51,1333072,TEL
2/3/2017,74.65,75.48,74.65,75.38,1637775,TEL
2/6/2017,75.29,75.7,74.94,75.51,1860576,TEL
2/7/2017,75.95,76.49,75.62,75.71,2229407,TEL
2/8/2017,75.41,75.61,74.73,74.88,1654680,TEL
2/9/2017,75.21,75.69,75.14,75.31,2247196,TEL
2/10/2017,75.46,75.77,74.89,75.11,1914501,TEL
2/13/2017,75.29,75.76,75.22,75.44,1268763,TEL
2/14/2017,75.2,75.47,74.98,75.42,1302109,TEL
2/15/2017,75.51,76.14,75.245,75.58,1553857,TEL
2/16/2017,75.63,76,74.91,75.23,1461359,TEL
2/17/2017,75.03,75.21,74.47,75.21,1547593,TEL
2/21/2017,75.5,75.88,75.33,75.73,1386328,TEL
2/22/2017,75.38,75.55,74.74,75.27,1780126,TEL
2/23/2017,75.46,75.56,73.96,74.21,2011068,TEL
2/24/2017,74,74.3,73.64,74.3,2099045,TEL
2/27/2017,74.3,74.83,74.12,74.79,1112232,TEL
2/28/2017,74.74,74.86,74.17,74.47,1958467,TEL
3/1/2017,74.68,76.3,74.68,76.13,1825470,TEL
3/2/2017,76,76.27,75.36,75.53,1210702,TEL
3/3/2017,75.56,75.6,75.07,75.52,1362446,TEL
3/6/2017,74.74,74.79,73.48,74.16,2120382,TEL
3/7/2017,74.38,74.59,73.64,74.36,1553373,TEL
3/8/2017,74.46,74.81,74.3,74.55,1073063,TEL
3/9/2017,74.39,74.7758,74,74.29,1091651,TEL
3/10/2017,74.12,75.11,74.12,74.61,1427878,TEL
3/13/2017,74.64,75.3278,74.45,75.14,2137623,TEL
3/14/2017,74.8,74.958,74.09,74.83,903940,TEL
3/15/2017,75.5,76.73,75.33,76.53,1835323,TEL
3/16/2017,76.77,76.77,76.02,76.11,1041738,TEL
3/17/2017,76.38,76.38,75.75,76.13,1716957,TEL
3/20/2017,76.23,76.23,75.66,75.73,1489965,TEL
3/21/2017,76.02,76.19,73.51,73.6,2233348,TEL
3/22/2017,73.64,74.6,73.46,74.49,3167557,TEL
3/23/2017,74.4,75.1999,74.04,74.42,2144432,TEL
3/24/2017,74.74,75.2,74.03,74.32,963770,TEL
3/27/2017,73.45,74.72,73.14,74.46,1417466,TEL
3/28/2017,74.34,75.37,74.05,75.03,1321667,TEL
3/29/2017,74.88,75.12,74.53,74.57,989362,TEL
3/30/2017,74.48,74.99,74.35,74.87,1427495,TEL
3/31/2017,74.64,74.87,74.44,74.55,1627623,TEL
4/3/2017,74.67,74.87,73.06,73.67,2065557,TEL
4/4/2017,73.61,73.86,73.1,73.45,1873175,TEL
4/5/2017,73.83,74.36,72.73,72.86,1537784,TEL
4/6/2017,72.92,73.52,72.51,73.11,1260185,TEL
4/7/2017,72.95,73.22,72.64,72.99,1254688,TEL
4/10/2017,72.93,73.86,72.91,73.5,1674150,TEL
4/11/2017,73.39,73.5,72.44,73.29,1189472,TEL
4/12/2017,73,73.153,72.21,72.42,1236145,TEL
4/13/2017,72.27,72.74,71.93,71.93,782394,TEL
4/17/2017,72.22,72.78,72.06,72.77,1096840,TEL
4/18/2017,72.52,73.21,72.44,73.08,1007419,TEL
4/19/2017,73.49,73.98,73.01,73.18,1060095,TEL
4/20/2017,73.51,74.34,73.14,74.12,978334,TEL
4/21/2017,73.54,73.845,72.95,73.61,2348244,TEL
4/24/2017,74.82,75.25,74.47,75.21,1898748,TEL
4/25/2017,74.77,75.8,74.75,75.6,2928688,TEL
4/26/2017,79.21,79.69,76.17,76.65,2649485,TEL
4/27/2017,77.42,77.91,76.75,76.99,1729985,TEL
4/28/2017,77.22,77.72,76.67,77.37,1416409,TEL
5/1/2017,77.72,77.72,76.5,76.7,1716457,TEL
5/2/2017,76.97,77.16,74.9505,75.62,1945661,TEL
5/3/2017,75.48,75.84,74.8,75.07,1703551,TEL
5/4/2017,75.28,75.81,75.18,75.65,1106220,TEL
5/5/2017,75.95,76.85,75.125,75.45,1163250,TEL
5/8/2017,75.27,75.87,75.2,75.82,951636,TEL
5/9/2017,75.7,76.1609,75.58,75.81,920891,TEL
5/10/2017,75.77,76.26,75.58,76.26,1104201,TEL
5/11/2017,75.81,76.49,75.49,76.47,1121610,TEL
5/12/2017,76.48,76.87,75.31,75.67,1646938,TEL
5/15/2017,75.94,76.5601,75.64,75.99,1161288,TEL
5/16/2017,76.32,76.47,75.81,76.43,1394689,TEL
5/17/2017,75.45,75.57,73.89,73.95,1333293,TEL
5/18/2017,73.59,74.25,73.01,73.89,1316386,TEL
5/19/2017,74.43,75.06,74.14,74.67,1337275,TEL
5/22/2017,74.88,75.525,74.71,75.46,857495,TEL
5/23/2017,75.48,76.26,75.06,75.97,1200065,TEL
5/24/2017,75.9,76.9,75.8,76.85,1718312,TEL
5/25/2017,77.13,78.32,76.8152,78.17,2077339,TEL
5/26/2017,77.93,78.32,77.68,78.01,1251855,TEL
5/30/2017,78,79.15,77.5,79.01,2500232,TEL
5/31/2017,79.14,79.5,78.62,78.85,2075782,TEL
6/1/2017,79.17,79.95,78.8,79.82,1692775,TEL
6/2/2017,79.94,79.95,79.41,79.47,1034939,TEL
6/5/2017,79.69,80.33,79.51,79.88,1370862,TEL
6/6/2017,79.35,79.63,79.03,79.43,1313247,TEL
6/7/2017,79.64,79.92,79.24,79.73,1716347,TEL
6/8/2017,79.91,80.28,79.1,79.95,1899393,TEL
6/9/2017,80.05,80.7,79,79.59,1343217,TEL
6/12/2017,79.22,79.415,77.65,78.34,1953181,TEL
6/13/2017,78.6,78.9739,77.93,78.77,1497324,TEL
6/14/2017,79,79.34,78.22,78.71,853485,TEL
6/15/2017,78.17,79.09,78.0001,78.84,1134942,TEL
6/16/2017,78.94,79.14,78.19,78.71,1610218,TEL
6/19/2017,79.09,80.1,78.73,80.03,1534223,TEL
6/20/2017,79.82,80.12,79.28,79.3,1078404,TEL
6/21/2017,79.48,79.92,78.82,78.97,1261029,TEL
6/22/2017,78.98,79.19,78.47,78.81,1826016,TEL
6/23/2017,78.9,79.24,78.59,78.77,1006722,TEL
6/26/2017,79.1,79.45,78.26,78.65,1214311,TEL
6/27/2017,78.58,78.97,77.95,77.95,1090598,TEL
6/28/2017,78.57,79.22,78.17,78.91,1259333,TEL
6/29/2017,78.96,79.16,77.58,78.09,1028412,TEL
6/30/2017,78.36,79.07,78.13,78.68,1772258,TEL
7/3/2017,78.98,79.18,78.09,78.15,1421114,TEL
7/5/2017,78.57,78.97,77.5,78.84,1398032,TEL
7/6/2017,78.2,78.75,77.91,78.24,2214729,TEL
7/7/2017,78.66,79.46,78.58,79.08,1691371,TEL
7/10/2017,79,79.58,78.88,79.43,1042144,TEL
7/11/2017,79.58,79.66,78.72,79.24,1427154,TEL
7/12/2017,79.84,81.38,79.51,81.19,1877122,TEL
7/13/2017,81.16,81.86,80.7702,81.22,1404011,TEL
7/14/2017,81.22,81.7,80.95,81.49,779420,TEL
7/17/2017,81.44,81.84,81.14,81.6,662602,TEL
7/18/2017,81.35,81.81,81.05,81.8,894151,TEL
7/19/2017,82,83.165,81.64,83.11,1377474,TEL
7/20/2017,83.09,83.36,82.255,82.59,1080432,TEL
7/21/2017,82.29,82.5,81.52,82.03,1354269,TEL
7/24/2017,81.99,82.18,81.3601,81.67,1570765,TEL
7/25/2017,82.09,83.37,81.66,83.22,2223860,TEL
7/26/2017,84.65,85.2,79.25,80.65,3415220,TEL
7/27/2017,80.67,81.67,79.94,80.57,2314400,TEL
7/28/2017,80.25,82.06,80.15,81.89,2041961,TEL
7/31/2017,82.09,82.3,80.33,80.39,1371655,TEL
8/1/2017,80.11,80.66,79.65,80.64,1679470,TEL
8/2/2017,80.11,80.66,79.65,80.64,1679553,TEL
8/3/2017,80.74,80.74,79.5099,79.72,1644244,TEL
8/4/2017,80.03,80.39,79.79,80.38,953946,TEL
8/7/2017,80.34,81.21,80.18,80.9,929990,TEL
8/8/2017,80.74,81.37,80.45,80.68,906823,TEL
8/9/2017,80.38,81.235,80.25,81.19,1253119,TEL
8/10/2017,80.63,81.02,78.76,78.79,1325919,TEL
8/11/2017,78.8,79.18,78.43,78.66,1107537,TEL
8/14/2017,79,79.9,79,79.68,758002,TEL
8/15/2017,79.75,80.22,78.83,78.89,1028184,TEL
8/16/2017,79.34,79.77,79.26,79.46,748021,TEL
8/17/2017,79.04,79.26,77.58,77.61,1106530,TEL
8/18/2017,77.45,78.485,77.15,77.71,1407046,TEL
8/21/2017,77.89,78.41,77.38,78.31,785707,TEL
8/22/2017,78.65,79.13,78.22,78.75,814407,TEL
8/23/2017,78.17,78.77,77.91,78.53,758149,TEL
8/24/2017,78.69,78.78,78.06,78.23,963791,TEL
8/25/2017,78.7,79.19,78.37,78.49,941510,TEL
8/28/2017,78.56,78.56,77.61,77.77,1256974,TEL
8/29/2017,77.27,78.61,77.16,78.53,1294203,TEL
8/30/2017,78.63,78.9352,78.4,78.86,766642,TEL
8/31/2017,79.1,79.71,78.99,79.6,982223,TEL
9/1/2017,79.77,79.83,78.83,79.74,1144642,TEL
9/5/2017,79.42,79.63,78.5,79.12,742997,TEL
9/6/2017,79.58,79.58,78.54,79.15,1095281,TEL
9/7/2017,79.56,79.56,78.53,78.8,943583,TEL
9/8/2017,78.66,79.32,78.38,78.93,1035566,TEL
9/11/2017,79.41,80.97,79.1966,80.97,808273,TEL
9/12/2017,81.12,81.57,80.91,81.44,904690,TEL
9/13/2017,81.43,81.485,81.02,81.47,751260,TEL
9/14/2017,81.25,81.45,81.02,81.28,1009118,TEL
9/15/2017,81.26,82.16,81.09,82.15,1633504,TEL
9/18/2017,82.25,82.9,82.06,82.62,690764,TEL
9/19/2017,82.75,82.9,82.29,82.53,1016362,TEL
9/20/2017,82.77,82.84,82.09,82.51,919720,TEL
9/21/2017,82.46,82.97,82.11,82.21,919271,TEL
9/22/2017,82.18,82.53,81.98,82.36,698617,TEL
9/25/2017,82.09,82.125,80.93,81.14,1261346,TEL
9/26/2017,81.46,82.22,81.33,82.05,1402094,TEL
9/27/2017,82.45,83.23,82.06,82.77,967867,TEL
9/28/2017,82.6,83.13,82.37,82.63,1153953,TEL
9/29/2017,82.69,83.34,82.47,83.06,1060509,TEL
10/2/2017,83.38,83.82,82.97,83.79,1210164,TEL
10/3/2017,83.8,84.91,83.65,84.86,1233744,TEL
10/4/2017,84.68,85.76,84.35,85.76,1516441,TEL
10/5/2017,85.8,86.1,85.15,86.08,1289154,TEL
10/6/2017,86.03,86.42,85.74,86.23,989757,TEL
10/9/2017,86.57,86.6,85.92,86.23,783507,TEL
10/10/2017,86.32,86.53,85.9,86.51,1189926,TEL
10/11/2017,86.59,86.77,86.24,86.75,984049,TEL
10/12/2017,86.62,87.62,86.411,87.44,1058515,TEL
10/13/2017,87.87,87.94,87.44,87.74,876070,TEL
10/16/2017,88,88.39,87.68,88.27,492724,TEL
10/17/2017,88.05,88.24,87.38,87.73,883435,TEL
10/18/2017,87.86,87.99,87.15,87.52,1135789,TEL
10/19/2017,87.22,87.45,86.41,87.44,1057539,TEL
10/20/2017,87.85,88.58,87.82,88.47,1007147,TEL
10/23/2017,88.87,88.92,88.02,88.08,910130,TEL
10/24/2017,88.5,89.21,88.05,89.09,819132,TEL
10/25/2017,88.8,89.27,88.32,88.9,854461,TEL
10/26/2017,89.42,89.42,88.3,88.59,1456249,TEL
10/27/2017,88.75,89.42,88.59,89.42,966149,TEL
10/30/2017,89.47,89.71,89.02,89.5,1259149,TEL
10/31/2017,89.5,91.17,89.42,90.97,1770256,TEL
11/1/2017,92.86,93.11,90.23,91.87,2479585,TEL
11/2/2017,92.26,92.8999,91.44,91.57,1065209,TEL
11/3/2017,91.79,92.79,90.601,92.73,1222933,TEL
11/6/2017,92.16,93.68,92.12,92.97,1436211,TEL
11/7/2017,93.09,93.29,92.62,93.23,1178106,TEL
11/8/2017,93.11,93.75,92.89,93.7,1117453,TEL
11/9/2017,93.1,93.75,92.39,92.92,1281827,TEL
11/10/2017,93.47,93.6,92.87,93.53,1022471,TEL
11/13/2017,93.09,93.725,92.84,93.36,1534442,TEL
11/14/2017,92.77,93.83,92.69,93.82,1407169,TEL
11/15/2017,93.23,93.28,92.44,92.77,1284470,TEL
11/16/2017,93.41,95.365,93.3,95.15,1891245,TEL
11/17/2017,95.03,95.37,94.615,95.04,2994727,TEL
11/20/2017,95.31,96.15,95.05,95.89,1500617,TEL
11/21/2017,96.38,96.68,95.37,95.95,1708852,TEL
11/22/2017,95.63,95.82,94.3,94.51,1698225,TEL
11/24/2017,94.91,95.48,94.59,95.26,685596,TEL
11/27/2017,95.33,95.48,94.23,94.8,1572642,TEL
11/28/2017,95.15,95.83,94.76,95.7,1585249,TEL
11/29/2017,95.87,95.87,93.6901,94.25,1683773,TEL
11/30/2017,94.65,94.96,94.22,94.44,2316023,TEL
12/1/2017,94.3,94.37,91.49,93.73,2406005,TEL
12/4/2017,94.47,94.51,92.87,92.87,1624160,TEL
12/5/2017,93.15,93.45,92.4621,92.56,1642274,TEL
12/6/2017,92.31,92.67,92,92.28,1989051,TEL
12/7/2017,92.65,94.15,92.65,93.89,1798419,TEL
12/8/2017,95.5,95.5,94.47,94.82,2090429,TEL
12/11/2017,94.67,95.4,94.62,95.04,1405202,TEL
12/12/2017,95.19,96.1,94.865,95.65,2005440,TEL
12/13/2017,95.88,96.08,94.56,95.27,1794783,TEL
12/14/2017,95.81,96.78,95.5,95.51,1396892,TEL
12/15/2017,96.06,96.48,95.49,96.22,2949496,TEL
12/18/2017,96.635,97.17,95.8,95.99,1522250,TEL
12/19/2017,96.05,96.49,95.83,95.91,1410133,TEL
12/20/2017,96.3,96.57,95.8,96.23,1184570,TEL
12/21/2017,96.56,96.62,95.51,95.54,855893,TEL
12/22/2017,95.475,95.74,94.29,94.95,1008372,TEL
12/26/2017,94.77,96.11,94.34,95.26,1192568,TEL
12/27/2017,95.27,95.44,94.57,95.19,1118753,TEL
12/28/2017,95.4,95.47,94.81,95.24,1009718,TEL
12/29/2017,95.47,95.57,95.04,95.04,879343,TEL
1/2/2018,95.71,95.71,94.24,95.32,1805738,TEL
1/3/2018,95.42,97.17,95.1,96.93,1812273,TEL
1/4/2018,97.34,97.92,96.84,97.38,1399073,TEL
1/5/2018,98.08,99.7,97.835,99.6,2318337,TEL
1/8/2018,98.81,99.9,98.81,99.81,1609073,TEL
1/9/2018,99.75,99.94,98.72,98.82,1630500,TEL
1/10/2018,98.66,98.66,97.87,98.52,2254106,TEL
1/11/2018,98.76,99.4,98.53,99.26,1199953,TEL
1/12/2018,99.4,100.702,99.12,100.17,1501120,TEL
1/16/2018,100.57,101.005,99.64,100.11,1977643,TEL
1/17/2018,100.725,100.88,100.2,100.57,1683721,TEL
1/18/2018,100.7,101.05,99.795,99.97,2215728,TEL
1/19/2018,100.73,101.555,100.38,100.73,2095131,TEL
1/22/2018,100.56,101.26,100.03,101.26,1645652,TEL
1/23/2018,101.53,101.93,100.59,100.7,1988961,TEL
1/24/2018,108.1,108.23,102.18,102.39,4131417,TEL
1/25/2018,102.79,105.48,102.27,102.64,2643995,TEL
1/26/2018,103.25,105.06,102.73,104.35,2321353,TEL
1/29/2018,103.5,105.23,103.5,103.88,2693861,TEL
1/30/2018,103.18,103.3,102.1,102.33,1941268,TEL
1/31/2018,102.9,103.07,102.0501,102.53,2907350,TEL
2/1/2018,102.28,104.52,102.19,103.78,1939346,TEL
2/2/2018,103.32,104.14,102.05,102.18,2801881,TEL
2/5/2018,101.2,103.06,98.72,98.72,2188977,TEL
2/6/2018,97.14,99.91,96,99.14,3189465,TEL
2/7/2018,98.86,101.6,98.42,99.61,1996806,TEL
